payer_context_rule_id,source_canonical_payer_id,source_clean_payer_name,plan_pattern,match_type,match_scope,match_state,priority,market_segment,program_type,product_or_network_name,subsidiary_or_brand,benefit_line,funding_arrangement,context_state,plan_type,context_confidence,validation_status,review_status,reviewed_by,reviewed_at,active,evidence_source,evidence_url,notes
pcr_aetna_all_commercial,aetna,aetna,all commercial plans,exact_clean,global,,50,commercial,,,,,,,,medium,manual_alias,accepted,initial_seed,2026-05-27,true,aetna_facts,https://www.aetna.com/about-us/aetna-facts-and-subsidiaries/aetna-facts.html,Plan text explicitly groups all commercial plans under Aetna. Confidence medium because it is hospital-reported catch-all commercial text.
pcr_aetna_auto_network,aetna,aetna,auto network,exact_clean,global,,50,workers_comp,workers_comp_auto,,,,,,,medium,inferred_from_pattern,accepted,initial_seed,2026-05-27,true,secondary_awca_archive,https://www.claimsjournal.com/news/national/2005/10/05/60437.htm,Explicit auto network plan text under Aetna maps to the casualty workers comp bucket. Confidence medium.
pcr_aetna_awh,aetna,aetna,awh,exact_clean,global,,50,commercial,,aetna_whole_health,,,,,,medium,source_verified,accepted,initial_seed,2026-05-27,true,aetna_whole_health,https://www.aetna.com/insurance-producer/aetna-whole-health.html,AWH is treated as Aetna Whole Health only under Aetna payer context. Confidence medium due to abbreviation risk.
pcr_aetna_better_health,aetna,aetna,^aetna better health( adult| pediatric)?$,regex,global,,50,medicaid_managed_care,medicaid_mco,,aetna_better_health,,,,,medium,source_verified,accepted,initial_seed,2026-05-27,true,aetna_better_health,https://www.aetnabetterhealth.com/,Plan text names Aetna Better Health without a state-specific cue. Regex avoids overlapping state-specific Better Health rules. Confidence high for Medicaid brand but state remains unresolved.
pcr_aetna_better_health_va,aetna,aetna,^aetna better health of virginia$,regex,global,,50,medicaid_managed_care,medicaid_mco,,aetna_better_health,,,VA,,medium,source_verified,accepted,initial_seed,2026-05-27,true,aetna_better_health_va,https://www.aetnabetterhealth.com/virginia/index.html,Plan text names the Virginia Aetna Better Health state Medicaid plan. Regex avoids overlapping the Virginia Medicare D-SNP rule. Confidence high.
pcr_aetna_better_health_va_dsnp,aetna,aetna,better health of virginia medicare,plan_contains,global,,5,medicare_advantage,dsnp,,aetna_better_health,,,VA,,medium,source_verified,accepted,initial_seed,2026-05-27,true,aetna_better_health_va_dsnp,https://www.aetnabetterhealth.com/content/dam/aetna/medicaid/virginia-dsnp/pdf/H1610_2025_H1610_001V1_M-1.pdf,Plan text names Aetna Better Health of Virginia plus Medicare so map to the Virginia D-SNP bucket. Confidence high.
pcr_aetna_commercial_named,aetna,aetna,aetna commercial,plan_contains,global,,50,commercial,,,,,,,,medium,manual_alias,accepted,initial_seed,2026-05-27,true,aetna_facts,https://www.aetna.com/about-us/aetna-facts-and-subsidiaries/aetna-facts.html,Plan text explicitly identifies Aetna commercial coverage. Generic HMO PPO EPO labels alone remain Aetna unknown product. Confidence high.
pcr_aetna_funding_advantage,aetna,aetna,aetna funding advantage,plan_contains,global,,50,commercial,,aetna_funding_advantage,,,level_funded,,,medium,source_verified,accepted,initial_seed,2026-05-27,true,aetna_funding_advantage,https://www.aetna.com/content/dam/aetna/pdfs/aetnacom/employers-organizations/afa/sg_afa_ok_standard_grid_0LXR_ER_options_100122.pdf,Plan text names the Aetna Funding Advantage self-insured employer product. Confidence high.
pcr_aetna_mcr_compact,aetna,aetna,^mcr(hmo|ppo|pos)$,regex,global,,50,medicare_advantage,medicare_advantage,,,,,,,medium,inferred_from_pattern,accepted,initial_seed,2026-05-27,true,aetna_medicare,https://www.aetna.com/medicare/compare-plans-enroll/find-plans.html,Compact MCRHMO MCRPPO and MCRPOS plan labels under Aetna are Medicare Advantage plan-type cues. Confidence medium.
pcr_aetna_medicare_advantage,aetna,aetna,medicare advantage,plan_contains,global,,50,medicare_advantage,medicare_advantage,,,,,,,medium,source_verified,accepted,initial_seed,2026-05-27,true,aetna_medicare,https://www.aetna.com/medicare/compare-plans-enroll/benefits-medicare-advantage-plan.html,Medicare Advantage plan text under Aetna maps to Aetna Medicare Advantage. Confidence high.
pcr_aetna_medicare_managed_care,aetna,aetna,medicare managed care plan,plan_contains,global,,50,medicare_advantage,medicare_advantage,,,,,,,medium,source_verified,accepted,initial_seed,2026-05-27,true,aetna_medicare,https://www.aetna.com/medicare/compare-plans-enroll/benefits-medicare-advantage-plan.html,Medicare managed care plan text under Aetna maps to Aetna Medicare Advantage. Confidence high.
pcr_aetna_medicare_named,aetna,aetna,aetna medicare,plan_contains,global,,50,medicare_advantage,medicare_advantage,,,,,,,medium,source_verified,accepted,initial_seed,2026-05-27,true,aetna_medicare,https://www.aetna.com/medicare.html,Aetna Medicare plan text maps to Aetna Medicare Advantage for negotiated-rate analysis. Confidence high.
pcr_aetna_tn_preferred,aetna,aetna,aetna tn preferred,plan_contains,state,TN,10,commercial,,aetna_tennessee_preferred,,,,TN,,medium,manual_alias,accepted,initial_seed,2026-05-27,true,provider_context,https://www.vanderbiltbedfordhospital.com/insurance-plans-professional-services,Observed Tennessee Aetna preferred network label. State scoped to reduce false positives. Confidence medium.
pcr_aetna_vhan,aetna,aetna,aetna vhan,plan_contains,global,,50,commercial,,aetna_vhan,,,,,,medium,source_verified,accepted,initial_seed,2026-05-27,true,vhan_health_plans,https://www.vhan.com/i-am/health-plans/,Aetna VHAN plan text maps to the Vanderbilt Health Affiliated Network contracting bucket. Confidence high.
pcr_aetna_whole_health,aetna,aetna,aetna whole health,plan_contains,global,,50,commercial,,aetna_whole_health,,,,,,medium,source_verified,accepted,initial_seed,2026-05-27,true,aetna_whole_health,https://www.aetna.com/insurance-producer/aetna-whole-health.html,Aetna Whole Health plan text maps to Aetna Whole Health commercial accountable-care network product. Confidence high.
pcr_aetna_workers_comp,aetna,aetna,workers' compensation network,exact_clean,global,,50,workers_comp,workers_comp_auto,,,,,,,medium,inferred_from_pattern,accepted,initial_seed,2026-05-27,true,secondary_awca_archive,https://www.claimsjournal.com/news/national/2005/10/05/60437.htm,Explicit workers compensation network plan text under Aetna maps to workers comp bucket. Confidence medium.
pcr_alias_allcare_medicare,allcare_health,allcare medicare,allcare medicare,payer_name,global,,60,medicare_advantage,medicare_advantage,,,,,,,medium,manual_exact,accepted,initial_seed,2026-05-25,true,manual_review,,Exact observed payer value.
pcr_alias_atrio_health,atrio_health,atrio health,atrio health,payer_name,global,,60,medicare_advantage,medicare_advantage,,,,,,,medium,manual_exact,accepted,initial_seed,2026-05-25,true,manual_review,,Exact observed payer value.
pcr_alias_blue_cross_gmc_ca,anthem_blue_cross_california,blue cross gmc,blue cross gmc,payer_name,state,CA,20,medicaid_managed_care,medi_cal,,,,,,,medium,source_verified,accepted,initial_seed,2026-05-28,true,anthem_ca_medicaid,https://mss.anthem.com/california-medicaid/benefits/medi-cal-plan-benefits.html,California GMC payer text is treated as Anthem Blue Cross Medi-Cal managed care. Confidence medium because GMC abbreviation is inferred from California Medicaid context.
pcr_alias_blue_cross_senior_ca,anthem_blue_cross_california,blue cross senior,blue cross senior,payer_name,state,CA,20,medicare_advantage,medicare_advantage,,,,,,,medium,source_verified,accepted,initial_seed,2026-05-28,true,anthem_ca_medicare,https://www.anthem.com/ca/medicare/medicare-advantage-plans/mediblue-hmo,California Blue Cross Senior payer value maps to Anthem Blue Cross Medicare Advantage. Confidence high.
pcr_alias_blue_shield_senior_ca,blue_shield_california,blue shield senior,blue shield senior,payer_name,state,CA,20,medicare_advantage,medicare_advantage,,,,,,,medium,source_verified,accepted,initial_seed,2026-05-28,true,blue_shield_ca_medicare,https://www.blueshieldca.com/en/medicare/medicare-plan-types/medicare-advantage-plans,California Blue Shield Senior payer value maps to Blue Shield of California Medicare Advantage. Confidence high.
pcr_alias_bluecare,bcbs_tennessee,bluecare,bluecare,payer_name,state,TN,20,medicaid_managed_care,tenncare,,bluecare_tennessee,,,TN,,medium,manual_alias,accepted,initial_seed,2026-05-25,true,manual_review,,State-scoped Tennessee Blues Medicaid brand.
pcr_alias_basix,basix,basix,basix,payer_name,global,,60,other,,basix_dental_savings,,dental,,,,medium,source_verified,accepted,initial_seed,2026-05-29,true,basix_student,https://www.basixstudent.com/,BASIX payer value maps to dental savings discount program context and is not insurance. Confidence high.
pcr_bright_health_comm,bright_health,bright health,comm,exact_clean,global,,50,commercial,,,,,,,,medium,source_verified,accepted,initial_seed,2026-05-29,true,neuehealth_rebrand,https://investors.neuehealth.com/news/news-details/2024/Bright-Health-Group-Adopts-NeueHealth-as-Corporate-Brand-Name/default.aspx,COMM plan text under Bright Health maps to commercial context. Confidence medium because Bright historical products included exchange employer and Medicare lines.
pcr_alias_caresource_ga,caresource,caresource ga,caresource ga,payer_name,global,,60,medicaid_managed_care,,,,,,GA,,medium,manual_alias,accepted,initial_seed,2026-05-25,true,manual_review,,Observed state-specific CareSource alias.
pcr_alias_caresource_nc,caresource,caresource nc,caresource nc,payer_name,global,,60,medicaid_managed_care,,,,,,NC,,medium,manual_alias,accepted,initial_seed,2026-05-25,true,manual_review,,Observed state-specific CareSource alias.
pcr_alias_caresource_tn,caresource,caresource tn,caresource tn,payer_name,global,,60,medicaid_managed_care,,,,,,TN,,medium,manual_alias,accepted,initial_seed,2026-05-25,true,manual_review,,Observed state-specific CareSource alias.
pcr_alias_cigna_healthspring_mcr_adv,cigna,cigna healthspring mcr adv,cigna healthspring mcr adv,payer_name,global,,60,medicare_advantage,medicare_advantage,,cigna_healthspring,,,,,medium,manual_alias,accepted,initial_seed,2026-05-25,true,manual_review,,Observed Medicare Advantage brand.
pcr_alias_block_vision,block_vision,block vision,block vision,payer_name,global,,60,,,,,vision,,,,medium,source_verified,accepted,initial_seed,2026-05-29,true,versant_experience,https://versanthealth.com/experience/,Block Vision payer value maps to vision benefit-line context. Market segment remains unknown without a specific program or employer coverage signal.
pcr_alias_davis_vision,davis_vision,davis vision,davis vision,payer_name,global,,60,,,,,vision,,,,medium,source_verified,accepted,initial_seed,2026-05-29,true,versant_about,https://versanthealth.com/about/,Davis Vision payer value maps to vision benefit-line context. Market segment remains unknown without a specific program or employer coverage signal.
pcr_alias_dental_health_alliance,dental_health_alliance,dental health alliance,dental health alliance,payer_name,global,,60,,,dental_health_alliance_network,,dental,,,,medium,source_verified,accepted,initial_seed,2026-05-29,true,dha_payor_list,https://www.sunlife.com/us/sl/dha/en/info/dentist-resources/payors/,Dental Health Alliance payer value maps to dental network context. Market segment remains unknown without payer access arrangement context.
pcr_alias_eyemed,eyemed,eyemed,eyemed,payer_name,global,,60,,,,,vision,,,,medium,source_verified,accepted,initial_seed,2026-05-29,true,eyemed_about,https://www.eyemed.com/en-us/about-us,EyeMed payer value maps to vision benefit-line context. Market segment remains unknown without a specific program or employer coverage signal.
pcr_alias_first_health_coventry,first_health,first health coventry,first health coventry,payer_name,global,,60,commercial,,first_health_coventry,,,,,,medium,manual_exact,accepted,initial_seed,2026-05-25,true,manual_review,,Exact observed payer value.
pcr_alias_healthnet_senior_ca,health_net,healthnet senior,healthnet senior,payer_name,state,CA,20,medicare_advantage,medicare_advantage,,,,,,,medium,source_verified,accepted,initial_seed,2026-05-29,true,health_net_about,https://www.healthnet.com/content/healthnet/en_us/about-us.html,Healthnet Senior payer value maps to Health Net Medicare Advantage based on Health Net Medicare contracting context.
pcr_healthsmart_comm,healthsmart,healthsmart,comm,exact_clean,global,,50,commercial,,healthsmart_preferred_network,,,,,,medium,source_verified,accepted,initial_seed,2026-05-29,true,healthsmart_network,https://healthsmart.com/?tabid=79,COMM plan text under HealthSmart maps to commercial network context. Confidence medium.
pcr_healthsmart_wcomp,healthsmart,healthsmart,wcomp,exact_clean,global,,10,workers_comp,workers_comp,healthsmart_workers_comp_network,,,,,,medium,source_verified,accepted,initial_seed,2026-05-29,true,healthsmart_provider_manual,https://healthsmart.com/HealthSmart/media/Provider-Manual-Files/HS-Provider-Manual_0323.pdf,WCOMP plan text under HealthSmart maps to workers compensation network context. Confidence medium.
pcr_alias_humana_choicecare,humana,humana choicecare,humana choicecare,payer_name,global,,60,commercial,,humana_choicecare,,,,,,medium,manual_exact,accepted,initial_seed,2026-05-27,true,manual_review,,High-confidence Humana ChoiceCare payer value.
pcr_alias_humana_choicecare_ppo,humana,humana choicecare ppo,humana choicecare ppo,payer_name,global,,60,commercial,,humana_choicecare,,,,,,medium,manual_alias,accepted,initial_seed,2026-05-27,true,manual_review,,High-confidence Humana ChoiceCare PPO payer value.
pcr_alias_humana_dental,humana,humana dental,humana dental,payer_name,global,,60,commercial,,,,dental,,,,medium,manual_exact,accepted,initial_seed,2026-05-27,true,manual_review,,High-confidence Humana dental payer value.
pcr_alias_humana_medicare,humana,humana medicare,humana medicare,payer_name,global,,60,medicare_advantage,medicare_advantage,,,,,,,medium,manual_exact,accepted,initial_seed,2026-05-27,true,manual_review,,Humana Medicare payer value maps to Humana Medicare Advantage for negotiated-rate analysis.
pcr_alias_humana_medicare_advantage,humana,humana medicare advantage,humana medicare advantage,payer_name,global,,60,medicare_advantage,medicare_advantage,,,,,,,medium,manual_exact,accepted,initial_seed,2026-05-27,true,manual_review,,High-confidence Humana Medicare Advantage payer value.
pcr_alias_humana_medicare_advantage_ppo,humana,humana medicare advantage ppo,humana medicare advantage ppo,payer_name,global,,60,medicare_advantage,medicare_advantage,,,,,,,medium,manual_alias,accepted,initial_seed,2026-05-27,true,manual_review,,High-confidence Humana Medicare Advantage PPO payer value.
pcr_alias_humana_military,humana,humana military,humana military,payer_name,global,,60,tricare_va,tricare_east,,humana_military,,,,,medium,source_verified,accepted,initial_seed,2026-05-27,true,tricare_east,https://www.tricare.mil/east,Humana Military is the TRICARE East contractor context in observed hospital payer records.
pcr_alias_humana_military_east,humana,humana military east,humana military east,payer_name,global,,60,tricare_va,tricare_east,,humana_military,,,,,medium,source_verified,accepted,initial_seed,2026-05-27,true,tricare_east,https://www.tricare.mil/east,High-confidence Humana Military East payer value.
pcr_alias_humana_ppo_choicecare,humana,humana ppo/choicecare,humana ppo/choicecare,payer_name,global,,60,commercial,,humana_choicecare,,,,,,medium,manual_alias,accepted,initial_seed,2026-05-27,true,manual_review,,High-confidence Humana PPO/ChoiceCare payer value.
pcr_alias_humanachoice,humana,humanachoice,humanachoice,payer_name,global,,60,commercial,,humana_choicecare,,,,,,medium,manual_alias,accepted,initial_seed,2026-05-27,true,manual_review,,Observed compact Humana Choice payer value.
pcr_alias_molina,molina,molina,molina,payer_name,global,,60,medicaid_managed_care,,,,,,,,medium,manual_alias,accepted,initial_seed,2026-05-25,true,manual_review,,Reviewed Molina alias.
pcr_alias_molina_healthcare,molina,molina healthcare,molina healthcare,payer_name,global,,60,medicaid_managed_care,,,,,,,,medium,manual_exact,accepted,initial_seed,2026-05-25,true,manual_review,,Exact observed payer value.
pcr_alias_novanet,novanet,novanet,novanet,payer_name,global,,60,commercial,,novanet_ppo,,,,,,medium,source_verified,accepted,initial_seed,2026-05-29,true,novanet_ppo,https://novanetppo.com/,NovaNet payer value maps to NovaNet PPO commercial network context. Adult and pediatric plan text is not payer identity.
pcr_occunet_commercial,occunet,occunet,occunet commercial,exact_clean,global,,50,commercial,,occunet_commercial,,,,,,medium,source_verified,accepted,initial_seed,2026-05-29,true,occunet_commercial,https://www.occunet.com/out-of-network,OccuNet Commercial plan text maps to commercial out-of-network cost containment context. Confidence high.
pcr_occunet_wc,occunet,occunet,occunet wc,exact_clean,global,,10,workers_comp,workers_comp,occunet_workers_comp,,,,,,medium,source_verified,accepted,initial_seed,2026-05-29,true,occunet_workers_comp,https://www.occunet.com/solutions/workers-compensation,OccuNet WC plan text maps to workers compensation context. Confidence high.
pcr_optum_vaccn,optum,optum vaccn,optum vaccn,payer_name,global,,5,tricare_va,va_ccn,va_community_care_network,optum,,,,,medium,source_verified,accepted,initial_seed,2026-05-29,true,va_ccn_optum,https://www.va.gov/COMMUNITYCARE/programs/veterans/CCN-Veterans.asp,OPTUM VACCN payer value maps to VA Community Care Network context under Optum. Confidence high for VA CCN.
pcr_alias_pnoa,pnoa,pnoa,pnoa,payer_name,global,,60,commercial,,pnoa_ppo_network,,,,,,medium,source_verified,accepted,initial_seed,2026-05-29,true,pnoa_home,https://pnoa.com/,PNOA payer value maps to commercial PPO network context unless workers comp or auto context appears separately. Confidence high.
pcr_santa_clara_family_health_plan_medicaid,santa_clara_family_health_plan,santa clara family health plan,medicaid,exact_clean,state,CA,10,medicaid_managed_care,medi_cal,,,,,CA,,medium,source_verified,accepted,initial_seed,2026-05-29,true,scfhp_medical,https://www.scfhp.com/healthcare-plans/medi-cal/,Medicaid plan text under Santa Clara Family Health Plan maps to Medi-Cal managed care in California. Confidence high.
pcr_santa_clara_family_health_plan_dualconnect,santa_clara_family_health_plan,santa clara family health plan,dualconnect,plan_contains,state,CA,5,medicare_advantage,dsnp,scfhp_dualconnect,,,,CA,,medium,source_verified,accepted,initial_seed,2026-05-29,true,scfhp_dualconnect,https://www.scfhp.com/healthcare-plans/dualconnect/,DualConnect plan text under Santa Clara Family Health Plan maps to California Medicare Medi-Cal D-SNP context. Confidence high.
pcr_alias_superior_vision,superior_vision,superior vision,superior vision,payer_name,global,,60,,,,,vision,,,,medium,source_verified,accepted,initial_seed,2026-05-29,true,versant_about,https://versanthealth.com/about/,Superior Vision payer value maps to vision benefit-line context. Market segment remains unknown without a specific program or employer coverage signal.
pcr_upmc_medicare_advantage,upmc_health_plan,upmc,medicare advantage,plan_contains,global,,50,medicare_advantage,medicare_advantage,,,,,,,medium,source_verified,accepted,initial_seed,2026-05-29,true,upmc_about,https://www.upmc.com/about,Medicare Advantage plan text under UPMC maps to UPMC Health Plan Medicare Advantage context. Confidence medium.
pcr_alias_vsp,vsp,vsp,vsp,payer_name,global,,60,,,,,vision,,,,medium,source_verified,accepted,initial_seed,2026-05-29,true,vsp_vision_about,https://www.vspvision.com/newsroom/company-news/company-announcements/one-million-investment-in-vision-care-and-literacy,VSP payer value maps to vision benefit-line context. Market segment remains unknown without a specific program or employer coverage signal.
pcr_health_net_comm,health_net,health net,comm,exact_clean,state,CA,10,commercial,,,,,,,,medium,source_verified,accepted,initial_seed,2026-05-29,true,health_net_about,https://www.healthnet.com/content/healthnet/en_us/about-us.html,COMM plan text under California Health Net maps to commercial context. Confidence medium.
pcr_healthnet_ambetter_enhanced_ppo,health_net,healthnet,ambetter enhanced ppo,plan_contains,state,CA,10,exchange_marketplace,,ambetter_enhancedcare_ppo,,,,,,medium,source_verified,accepted,initial_seed,2026-05-29,true,health_net_ambetter,https://www.healthnet.com/content/healthnet/en_us/news-center/news-releases/2021-11-09-californians-can-choose-ambetter-from-health-net-for-affordable-health-coverage.html,Ambetter Enhanced PPO plan text under California Healthnet maps to Health Net exchange marketplace context. PPO detail is preserved in the product/network name. Confidence high.
pcr_healthnet_smartcare,health_net,healthnet,health net smartcare,plan_contains,state,CA,10,commercial,,smartcare,,,,,,medium,source_verified,accepted,initial_seed,2026-05-29,true,health_net_smartcare,https://www.healthnet.com/content/healthnet/en_us/find-a-plan/large-employers/type-of-plans.html,SmartCare plan text under California Healthnet maps to Health Net commercial product context. Confidence high.
pcr_multiplan_all_commercial,multiplan,multiplan,all commercial plans,exact_clean,global,,50,commercial,,,,,,,,medium,source_verified,accepted,initial_seed,2026-05-29,true,multiplan_networks,https://www.multiplan.us/wp-content/uploads/2023/04/PRVP123_MultiPlan_Networks_4-2023.pdf,All Commercial Plans text under MultiPlan maps to commercial network context. Confidence high.
pcr_multiplan_complementary,multiplan,multiplan,complementary,exact_clean,global,,50,commercial,,multiplan_complementary_ppo_network,,,,,,medium,source_verified,accepted,initial_seed,2026-05-29,true,multiplan_networks,https://www.multiplan.us/wp-content/uploads/2023/04/PRVP123_MultiPlan_Networks_4-2023.pdf,Complementary plan text under MultiPlan maps to the complementary PPO network context. Confidence medium because the source notes this network can support workers compensation and automobile insurance when separately indicated.
pcr_multiplan_primary,multiplan,multiplan,primary,exact_clean,global,,50,commercial,,phcs_primary_ppo_network,,,,,,medium,source_verified,accepted,initial_seed,2026-05-29,true,multiplan_networks,https://www.multiplan.us/wp-content/uploads/2023/04/PRVP123_MultiPlan_Networks_4-2023.pdf,Primary plan text under MultiPlan maps to PHCS primary PPO network context. Confidence medium.
pcr_alias_nhc_advantage,nhc_advantage,nhc advantage,nhc advantage,payer_name,global,,60,medicare_advantage,medicare_advantage,,,,,,,medium,manual_exact,accepted,initial_seed,2026-05-25,true,manual_review,,Exact observed payer value.
pcr_alias_oscar,oscar_health,oscar,oscar,payer_name,global,,60,exchange_marketplace,,,,,,,,medium,manual_exact,accepted,initial_seed,2026-05-25,true,manual_review,,Exact observed payer value.
pcr_alias_peach_state,peach_state_health_plan,peach state hlth plan,peach state hlth plan,payer_name,global,,60,medicaid_managed_care,,,,,,GA,,medium,manual_alias,accepted,initial_seed,2026-05-25,true,manual_review,,Reviewed Peach State Health Plan alias.
pcr_alias_simpra_advantage,simpra_advantage,simpra advantage,simpra advantage,payer_name,global,,60,medicare_advantage,medicare_advantage,,,,,,,medium,manual_exact,accepted,initial_seed,2026-05-25,true,manual_review,,Exact observed payer value.
pcr_alias_united_behavioral_health,optum,united behavioral health,united behavioral health,payer_name,global,,60,commercial,,,optum,behavioral_health,,,,medium,source_verified,accepted,initial_seed,2026-05-28,true,uhc_behavioral_health,https://www.uhc.com/agents-brokers/employer-sponsored-plans/products-solutions/behavioral-health,United Behavioral Health maps to the Optum behavioral health benefit-line bucket.
pcr_alias_united_bh,optum,united bh,united bh,payer_name,global,,60,commercial,,,optum,behavioral_health,,,,medium,manual_alias,accepted,initial_seed,2026-05-28,true,uhc_behavioral_health,https://www.uhc.com/agents-brokers/employer-sponsored-plans/products-solutions/behavioral-health,Observed abbreviated United Behavioral Health payer value maps to Optum behavioral health.
pcr_alias_united_healthcare_medicare,unitedhealthcare,united healthcare medicare,united healthcare medicare,payer_name,global,,60,medicare_advantage,medicare_advantage,,,,,,,medium,source_verified,accepted,initial_seed,2026-05-28,true,aarp_medicare_uhc,https://www.aarpmedicareplans.com/,Payer value explicitly names UnitedHealthcare Medicare and maps to UnitedHealthcare Medicare Advantage for negotiated-rate analysis.
pcr_alias_united_healthcare_west,unitedhealthcare,united healthcare west,united healthcare west,payer_name,state,CA,20,commercial,,unitedhealthcare_west,,,,,,medium,source_verified,accepted,initial_seed,2026-05-28,true,uhc_west_plan_codes,https://ams-gateway.uhcprovider.com/en/claims-payments-billing/uhcw-plan-codes.html,California UnitedHealthcare West payer value maps to UnitedHealthcare West HMO commercial context.
pcr_alias_wellcare_health_plan_mcr_adv,wellcare,wellcare health plan inc mcr adv,wellcare health plan inc mcr adv,payer_name,global,,60,medicare_advantage,medicare_advantage,,,,,,,medium,manual_alias,accepted,initial_seed,2026-05-25,true,manual_review,,Observed Medicare Advantage Wellcare alias.
pcr_alias_wellcare_ky,wellcare,wellcare of ky,wellcare of ky,payer_name,global,,60,medicaid_managed_care,,,,,,KY,,medium,manual_alias,accepted,initial_seed,2026-05-25,true,manual_review,,Observed state-specific Wellcare alias.
pcr_alias_wellcare_medicare,wellcare,wellcare medicare,wellcare medicare,payer_name,global,,60,medicare_advantage,medicare_advantage,,,,,,,medium,manual_exact,accepted,initial_seed,2026-05-25,true,manual_review,,Observed Medicare Wellcare identity.
pcr_alias_wellcare_tn,wellcare,wellcare of tn,wellcare of tn,payer_name,global,,60,medicaid_managed_care,,,,,,TN,,medium,manual_alias,accepted,initial_seed,2026-05-25,true,manual_review,,Observed state-specific Wellcare alias.
pcr_amerigroup_wellpoint_medicare,amerigroup,amerigroup,medicare wellpoint,plan_contains,state,TN,10,medicare_advantage,medicare_advantage,,,,,,,medium,source_verified,accepted,initial_seed,2026-05-28,true,elevance_medicare,https://www.elevancehealth.com/newsroom/elevance-healths-affiliated-2025-medicare-advantage-plans,Amerigroup Medicare Wellpoint plan text maps to Wellpoint Medicare Advantage due Tennessee Amerigroup rebrand context. Confidence medium.
pcr_anthem_ca_blueconnection,anthem_blue_cross_california,anthem,blueconnection,exact_clean,state,CA,10,commercial,,,,,,,,medium,manual_alias,accepted,initial_seed,2026-05-28,true,anthem_ca_about,https://www.anthem.com/ca/about,Observed BlueConnection plan text under California Anthem is treated as commercial network context. Confidence medium.
pcr_anthem_ca_comm,anthem_blue_cross_california,anthem,comm,exact_clean,state,CA,10,commercial,,,,,,,,medium,manual_alias,accepted,initial_seed,2026-05-28,true,anthem_ca_about,https://www.anthem.com/ca/about,COMM is treated as commercial only under California Anthem payer context. Confidence medium.
pcr_anthem_ca_exchange,anthem_blue_cross_california,anthem,exchange,plan_contains,state,CA,10,exchange_marketplace,,,,,,,,medium,source_verified,accepted,initial_seed,2026-05-28,true,anthem_ca_home,https://www.anthem.com/ca,Exchange plan text under California Anthem maps to exchange marketplace coverage. Confidence medium.
pcr_anthem_ca_mcr,anthem_blue_cross_california,anthem,mcr,exact_clean,state,CA,10,medicare_advantage,medicare_advantage,,,,,,,medium,source_verified,accepted,initial_seed,2026-05-28,true,anthem_ca_medicare,https://www.anthem.com/ca/medicare/medicare-advantage-plans/mediblue-hmo,MCR is a Medicare signal only under California Anthem payer context. Confidence medium.
pcr_anthem_ca_medi_cal,anthem_blue_cross_california,anthem,medi-cal,exact_clean,state,CA,10,medicaid_managed_care,medi_cal,,,,,,,medium,source_verified,accepted,initial_seed,2026-05-28,true,anthem_ca_medicaid,https://mss.anthem.com/california-medicaid/benefits/medi-cal-plan-benefits.html,Anthem California Medi-Cal plan text maps to Anthem Blue Cross California Medi-Cal managed care. Confidence high.
pcr_anthem_wi_blue_access,anthem_bcbs_wisconsin,anthem blue cross blue shield wisconsin,blue access,plan_contains,global,,50,commercial,,,,,,,,medium,source_verified,accepted,initial_seed,2026-05-28,true,anthem_about,https://www.anthem.com/about,Blue Access plan text under Anthem Wisconsin maps to commercial coverage. Confidence high.
pcr_anthem_wi_blue_preferred,anthem_bcbs_wisconsin,anthem blue cross blue shield wisconsin,blue preferred,plan_contains,global,,50,commercial,,,,,,,,medium,source_verified,accepted,initial_seed,2026-05-28,true,anthem_about,https://www.anthem.com/about,Blue Preferred plan text under Anthem Wisconsin maps to commercial coverage. Confidence high.
pcr_anthem_wi_blue_traditional,anthem_bcbs_wisconsin,anthem blue cross blue shield wisconsin,blue traditional,plan_contains,global,,50,commercial,,,,,,,,medium,source_verified,accepted,initial_seed,2026-05-28,true,anthem_about,https://www.anthem.com/about,Blue Traditional plan text under Anthem Wisconsin maps to commercial coverage. Confidence high.
pcr_anthem_wi_fep,anthem_bcbs_wisconsin,anthem blue cross blue shield wisconsin,federal employee program,plan_contains,global,,50,commercial,federal_employee_program,bcbs_federal_employee_program,,,,,,medium,source_verified,accepted,initial_seed,2026-05-28,true,fepblue_about,https://www.fepblue.org/about-us,Federal Employee Program plan text maps to the national BCBS FEP identity rather than a local commercial product. Confidence high.
pcr_anthem_wi_mediblue,anthem_bcbs_wisconsin,anthem blue cross blue shield wisconsin,mediblue,plan_contains,global,,50,medicare_advantage,medicare_advantage,mediblue,,,,,,medium,source_verified,accepted,initial_seed,2026-05-28,true,elevance_medicare,https://www.elevancehealth.com/newsroom/elevance-healths-affiliated-2025-medicare-advantage-plans,Anthem MediBlue plan text maps to Anthem Wisconsin Medicare Advantage. Confidence high.
pcr_anthem_wi_medicaid,anthem_bcbs_wisconsin,anthem blue cross blue shield wisconsin,medicaid,plan_contains,global,,50,medicaid_managed_care,badgercare_plus,,,,,WI,,medium,source_verified,accepted,initial_seed,2026-05-28,true,anthem_wi_medicaid,https://mss.anthem.com/wi/home.html,Anthem Wisconsin Medicaid plan text maps to the Wisconsin Medicaid bucket. Confidence high.
pcr_anthem_wi_medicare_advantage,anthem_bcbs_wisconsin,anthem blue cross blue shield wisconsin,medicare advantage,plan_contains,global,,50,medicare_advantage,medicare_advantage,mediblue,,,,,,medium,source_verified,accepted,initial_seed,2026-05-28,true,elevance_medicare,https://www.elevancehealth.com/newsroom/elevance-healths-affiliated-2025-medicare-advantage-plans,Anthem Wisconsin Medicare Advantage plan text maps to the Medicare Advantage bucket. Confidence high.
pcr_bcbs_michigan_bcn,bcbs_michigan,blue cross blue shield of michigan,blue care network,plan_contains,global,,50,commercial,,blue_care_network,,,,,,medium,source_verified,accepted,initial_seed,2026-05-28,true,michigan_state_benefits,https://www.michigan.gov/mdcs/employeebenefits/insurance-plans,Blue Care Network plan text maps to the Michigan BCN commercial HMO bucket unless the more specific Medicare Advantage rule applies. Confidence high.
pcr_bcbs_michigan_bcn_ma,bcbs_michigan,blue cross blue shield of michigan,blue care network medicare advantage,plan_contains,global,,50,medicare_advantage,medicare_advantage,blue_care_network,,,,,,medium,source_verified,accepted,initial_seed,2026-05-28,true,michigan_state_benefits,https://www.michigan.gov/mdcs/employeebenefits/retiree,Blue Care Network Medicare Advantage plan text maps to BCN Medicare Advantage. Confidence high.
pcr_bcbs_michigan_commercial,bcbs_michigan,blue cross blue shield of michigan,^(blue cross blue shield of michigan (ppo network|indemnity plans))$,regex,global,,50,commercial,,,,,,,,medium,source_verified,accepted,initial_seed,2026-05-28,true,bcbs_licensee_list,https://www.bcbs.com/about-us/blue-cross-blue-shield-system/state-health-plan-companies,BCBS Michigan PPO network and indemnity plan text maps to commercial coverage. Confidence high.
pcr_bcbs_michigan_fep,bcbs_michigan,blue cross blue shield of michigan,federal employee program,plan_contains,global,,50,commercial,federal_employee_program,bcbs_federal_employee_program,,,,,,medium,source_verified,accepted,initial_seed,2026-05-28,true,fepblue_michigan,https://www.fepblue.org/contact-us/michigan,Federal Employee Program plan text under BCBS Michigan maps to national BCBS FEP. Confidence high.
pcr_bcbs_michigan_ma,bcbs_michigan,blue cross blue shield of michigan,medicare advantage,plan_contains,global,,50,medicare_advantage,medicare_advantage,medicare_plus_blue,,,,,,medium,source_verified,accepted,initial_seed,2026-05-28,true,bcbs_medicare,https://www.bcbs.com/explore-affordable-health-plans/medicare,BCBS Michigan Medicare Advantage plan text maps to BCBS Michigan Medicare Advantage. Confidence medium.
pcr_bcbs_michigan_plus_blue,bcbs_michigan,blue cross blue shield of michigan,plus blue,plan_contains,global,,50,medicare_advantage,medicare_advantage,medicare_plus_blue,,,,,,medium,source_verified,accepted,initial_seed,2026-05-28,true,bcbs_medicare,https://www.bcbs.com/explore-affordable-health-plans/medicare,Plus Blue plan text maps to BCBS Michigan Medicare Advantage. Confidence medium.
pcr_bcbs_tn_dental,bcbs_tennessee,bcbs of tn,preferred dental,plan_contains,state,TN,10,commercial,,,,dental,,,,medium,manual_alias,accepted,initial_seed,2026-05-28,true,manual_review,,Preferred Dental plan text under BCBS of TN maps to a dental benefit-line bucket. Confidence medium.
pcr_bcbs_tn_medicare_transplant,bcbs_tennessee,bcbs,blue cross medicare,plan_contains,state,TN,10,medicare_advantage,medicare_advantage,blueadvantage,,,,,,medium,source_verified,accepted,initial_seed,2026-05-28,true,bcbst_medicare,https://www.bcbstmedicare.com/,BCBS Tennessee payer with Blue Cross Medicare transplant plan text maps to BlueAdvantage. Transplant remains raw plan context. Confidence medium.
pcr_bcbst_blueadvantage,bcbs_tennessee,bcbst,blue advantage,plan_contains,state,TN,10,medicare_advantage,medicare_advantage,blueadvantage,,,,,,medium,source_verified,accepted,initial_seed,2026-05-28,true,bcbst_medicare,https://www.bcbstmedicare.com/,BlueAdvantage plan text under BCBST maps to the Tennessee Medicare Advantage product family. Confidence high.
pcr_bcbst_bluecare,bcbs_tennessee,bcbst,bluecare,plan_contains,state,TN,10,medicaid_managed_care,tenncare,,bluecare_tennessee,,,TN,,medium,source_verified,accepted,initial_seed,2026-05-28,true,bluecare_plans,https://www.bcbst.com/publicsites/bluecare/plans-programs/bluecaretn/,BlueCare plan text under BCBST maps to BlueCare Tennessee Medicaid unless the more specific BlueCare Plus rule applies. Confidence high.
pcr_bcbst_bluecare_plus,bcbs_tennessee,bcbst,bluecare plus,plan_contains,state,TN,10,medicare_advantage,dsnp,bluecare_plus,bluecare_tennessee,,,,,medium,source_verified,accepted,initial_seed,2026-05-28,true,bluecare_plans,https://www.bcbst.com/publicsites/bluecare/plans-programs/bluecaretn/,BlueCare Plus plan text under BCBST maps to the Medicare with Medicaid D-SNP product. Confidence high.
pcr_bcbst_tenncare_select,bcbs_tennessee,bcbst,tenncare select,plan_contains,state,TN,10,medicaid_managed_care,tenncare,,bluecare_tennessee,,,TN,,medium,source_verified,accepted,initial_seed,2026-05-28,true,bluecare_plans,https://www.bcbst.com/publicsites/bluecare/plans-programs/bluecaretn/,TennCare Select plan text under BCBST maps to the BlueCare Tennessee Medicaid bucket. Confidence high.
pcr_blue_cross_ca_commercial,anthem_blue_cross_california,blue cross,^(ucd hb blue cross (hmo|ppo|marshall emp|uc care|uc ship))$,regex,state,CA,10,commercial,,,,,,,,medium,manual_alias,accepted,initial_seed,2026-05-28,true,anthem_ca_about,https://www.anthem.com/ca/about,UC Davis Blue Cross HMO PPO employer UC Care and UC SHIP plan text maps to Anthem Blue Cross California commercial coverage. Confidence medium.
pcr_blue_cross_ca_covered_ca,anthem_blue_cross_california,blue cross,covered ca,plan_contains,state,CA,10,exchange_marketplace,,,,,,,,medium,source_verified,accepted,initial_seed,2026-05-28,true,anthem_ca_home,https://www.anthem.com/ca,California Blue Cross Covered CA plan text maps to Anthem Blue Cross California exchange marketplace coverage. Confidence high.
pcr_blue_cross_ca_med_adv,anthem_blue_cross_california,blue cross,med adv,plan_contains,state,CA,10,medicare_advantage,medicare_advantage,,,,,,,medium,source_verified,accepted,initial_seed,2026-05-28,true,anthem_ca_medicare,https://www.anthem.com/ca/medicare/medicare-advantage-plans/mediblue-hmo,California Blue Cross Medicare Advantage plan text maps to Anthem Blue Cross California Medicare Advantage. Confidence high.
pcr_blue_cross_ga_shbp_medicare,bcbs_georgia,blue cross,state health benefit plan medicare managed care plan,exact_clean,state,GA,10,medicare_advantage,medicare_advantage,,,,,,,medium,source_verified,accepted,initial_seed,2026-05-28,true,georgia_shbp_anthem,https://shbp.georgia.gov/plan-options-programs/anthem-blue-cross-and-blue-shield,Georgia SHBP Medicare managed care plan text under Blue Cross maps to Anthem BCBS Georgia Medicare Advantage. Confidence medium.
pcr_blue_cross_idaho_medicare,blue_cross_idaho,blue cross of idaho,medicare advantage,exact_clean,global,,50,medicare_advantage,medicare_advantage,,,,,,,medium,source_verified,accepted,initial_seed,2026-05-28,true,blue_cross_idaho_medicare,https://providers.bcidaho.com/policies-and-procedures/map/map100.page,Blue Cross of Idaho Medicare Advantage plan text maps to the Medicare Advantage bucket. Confidence high.
pcr_blue_cross_tn_anthem_healthkeepers_medicaid,bcbs_tennessee,blue cross,anthem hlthkeep mediciad,exact_clean,state,TN,10,medicaid_managed_care,medicaid_mco,,anthem_healthkeepers,,,VA,,medium,source_verified,accepted,initial_seed,2026-05-28,true,anthem_about,https://www.anthem.com/about,Plan text appears to be misspelled Anthem HealthKeepers Medicaid and maps to Virginia Medicaid. Confidence medium.
pcr_blue_cross_tn_anthem_medicare_va,bcbs_tennessee,blue cross,anthem medicare virginia,exact_clean,state,TN,10,medicare_advantage,medicare_advantage,,,,,VA,,medium,source_verified,accepted,initial_seed,2026-05-28,true,elevance_medicare,https://www.elevancehealth.com/newsroom/elevance-healths-affiliated-2025-medicare-advantage-plans,Plan text explicitly names Anthem Medicare Virginia despite Tennessee source hospital context. Confidence medium.
pcr_blue_cross_tn_blue_cross_medicare,bcbs_tennessee,blue cross,blue cross medicare,plan_contains,state,TN,10,medicare_advantage,medicare_advantage,blueadvantage,,,,,,medium,source_verified,accepted,initial_seed,2026-05-28,true,bcbst_medicare,https://www.bcbstmedicare.com/,Blue Cross Medicare plan text in Tennessee maps to BCBST BlueAdvantage Medicare Advantage. Confidence medium.
pcr_blue_cross_tn_bluecare,bcbs_tennessee,blue cross,tenncare blue care,plan_contains,state,TN,10,medicaid_managed_care,tenncare,,bluecare_tennessee,,,TN,,medium,source_verified,accepted,initial_seed,2026-05-28,true,bluecare_plans,https://www.bcbst.com/publicsites/bluecare/plans-programs/bluecaretn/,TennCare Blue Care plan text under Tennessee Blue Cross maps to BlueCare Tennessee Medicaid. Confidence high.
pcr_blue_cross_tn_dsnp,bcbs_tennessee,blue cross,blue cross dsnp,plan_contains,state,TN,5,medicare_advantage,dsnp,bluecare_plus,bluecare_tennessee,,,,,medium,source_verified,accepted,initial_seed,2026-05-28,true,bluecare_plans,https://www.bcbst.com/publicsites/bluecare/plans-programs/bluecaretn/,Blue Cross D-SNP plan text in Tennessee maps to BlueCare Plus Medicare with Medicaid. Confidence medium.
pcr_blue_cross_tn_tenncare_blue_select,bcbs_tennessee,blue cross,tenncare blue select,plan_contains,state,TN,10,medicaid_managed_care,tenncare,,bluecare_tennessee,,,TN,,medium,source_verified,accepted,initial_seed,2026-05-28,true,bluecare_plans,https://www.bcbst.com/publicsites/bluecare/plans-programs/bluecaretn/,TennCare Blue Select plan text under Tennessee Blue Cross maps to BlueCare Tennessee Medicaid. Confidence high.
pcr_blue_shield_ca_commercial,blue_shield_california,blue shield,^(comm|epn|ucd hb blue shield (ifp|referred|calpers))$,regex,state,CA,10,commercial,,,,,,,,medium,source_verified,accepted,initial_seed,2026-05-28,true,blue_shield_ca_plans,https://www.blueshieldca.com/en/home/shop-plans,California Blue Shield COMM EPN IFP referred and CalPERS cues map to commercial coverage. Confidence medium.
pcr_blue_shield_ca_mcr,blue_shield_california,blue shield,^mcr(hmo|ppo|pos|snp)$,regex,state,CA,10,medicare_advantage,medicare_advantage,,,,,,,medium,source_verified,accepted,initial_seed,2026-05-28,true,blue_shield_ca_medicare,https://www.blueshieldca.com/en/medicare/medicare-plan-types/medicare-advantage-plans,Compact MCR plan labels under California Blue Shield map to Medicare Advantage. Confidence medium.
pcr_blue_shield_ca_pffs,blue_shield_california,blue shield,pffs,exact_clean,state,CA,10,medicare_advantage,medicare_advantage,,,,,,,medium,source_verified,accepted,initial_seed,2026-05-28,true,blue_shield_ca_medicare,https://www.blueshieldca.com/en/medicare/medicare-plan-types/medicare-advantage-plans,PFFS under California Blue Shield is treated as Medicare Advantage private fee for service context. Confidence medium.
pcr_bluecare_bluecare_plus,bcbs_tennessee,bluecare,bluecare plus,plan_contains,state,TN,10,medicare_advantage,dsnp,bluecare_plus,bluecare_tennessee,,,,,medium,source_verified,accepted,initial_seed,2026-05-28,true,bluecare_plans,https://www.bcbst.com/publicsites/bluecare/plans-programs/bluecaretn/,BlueCare Plus plan text under BlueCare maps to the Medicare with Medicaid product. Confidence high.
pcr_bluecare_dsnp,bcbs_tennessee,bluecare,dsnp,token_contains,state,TN,5,medicare_advantage,dsnp,bluecare_plus,bluecare_tennessee,,,,,medium,source_verified,accepted,initial_seed,2026-05-28,true,bluecare_plans,https://www.bcbst.com/publicsites/bluecare/plans-programs/bluecaretn/,D-SNP plan text under BlueCare maps to BlueCare Plus Medicare with Medicaid. Confidence high.
pcr_humana_choice,humana,humana,humana choice,plan_contains,global,,50,commercial,,humana_choicecare,,,,,,medium,manual_alias,accepted,initial_seed,2026-05-27,true,manual_review,,Humana Choice plan text indicates the ChoiceCare network bucket rather than generic Humana.
pcr_humana_choicecare,humana,humana,choicecare,plan_contains,global,,50,commercial,,humana_choicecare,,,,,,medium,manual_alias,accepted,initial_seed,2026-05-27,true,manual_review,,ChoiceCare plan context under Humana maps to the Humana ChoiceCare network bucket.
pcr_humana_commercial_hmox_ppox_posx,humana,humana,commercial hmox - ppox & posx,plan_contains,global,,50,commercial,,,,,,,,medium,manual_alias,accepted,initial_seed,2026-05-27,true,manual_review,,Generic Humana commercial HMO PPO POS plan text maps to Humana Commercial when no more-specific Humana bucket applies.
pcr_humana_commercial_hmox_ppox_posx_non_physician,humana,humana,commercial hmox - ppox & posx - non physician,plan_contains,global,,50,commercial,,,,,,,,medium,manual_alias,accepted,initial_seed,2026-05-27,true,manual_review,,Generic Humana commercial HMO PPO POS non-physician plan text maps to Humana Commercial when no more-specific Humana bucket applies.
pcr_humana_dental,humana,humana,humana dental,plan_contains,global,,50,commercial,,,,dental,,,,medium,manual_exact,accepted,initial_seed,2026-05-27,true,manual_review,,Humana dental plan text maps to the dental payer bucket.
pcr_humana_generic_medicare_advantage,humana,humana,medicare advantage,plan_contains,global,,50,medicare_advantage,medicare_advantage,,,,,,,medium,manual_alias,accepted,initial_seed,2026-05-27,true,manual_review,,Medicare Advantage plan text maps to Humana Medicare Advantage only when the payer context is Humana; detailed HMO/PPO/provider-type text is preserved in raw plan fields.
pcr_humana_mcr,humana,humana,mcr,token_contains,global,,50,medicare_advantage,medicare_advantage,,,,,,,medium,manual_alias,accepted,initial_seed,2026-05-27,true,manual_review,,MCR is a weak Medicare signal and maps to Humana Medicare Advantage only under Humana payer context.
pcr_humana_medicare,humana,humana,humana medicare,plan_contains,global,,50,medicare_advantage,medicare_advantage,,,,,,,medium,manual_alias,accepted,initial_seed,2026-05-27,true,manual_review,,Humana Medicare plan text maps to Humana Medicare Advantage for negotiated-rate analysis.
pcr_humana_medicare_managed_care,humana,humana,medicare managed care plan,plan_contains,global,,50,medicare_advantage,medicare_advantage,,,,,,,medium,manual_alias,accepted,initial_seed,2026-05-27,true,manual_review,,Medicare managed care plan text maps to Humana Medicare Advantage only under Humana payer context.
pcr_humana_military,humana,humana,humana military,token_contains,global,,50,tricare_va,tricare_east,,humana_military,,,,,medium,source_verified,accepted,initial_seed,2026-05-25,true,tricare_east,https://www.tricare.mil/east,Plan text indicates Humana Military East rather than broad Humana.
pcr_humana_tricare,humana,humana,tricare,token_contains,global,,50,tricare_va,tricare_east,,humana_military,,,,,medium,source_verified,accepted,initial_seed,2026-05-25,true,tricare_east,https://www.tricare.mil/east,TRICARE plan text indicates Humana Military East rather than broad Humana.
pcr_regence_idaho_medicare,regence_blueshield_idaho,regence blueshield of idaho,medicare advantage,exact_clean,global,,50,medicare_advantage,medicare_advantage,,,,,,,medium,source_verified,accepted,initial_seed,2026-05-28,true,regence_medicare,https://www.regence.com/medicare/plans,Regence BlueShield of Idaho Medicare Advantage plan text maps to the Medicare Advantage bucket. Confidence high.
pcr_uhc_aarp_medicare,unitedhealthcare,uhc,aarp medicare,plan_contains,global,,50,medicare_advantage,medicare_advantage,,,,,,,medium,source_verified,accepted,initial_seed,2026-05-28,true,aarp_medicare_uhc,https://www.aarpmedicareplans.com/,AARP Medicare plan text under UHC maps to UnitedHealthcare Medicare Advantage. Confidence high.
pcr_uhc_commercial_networks,unitedhealthcare,uhc,^(uhc options ppo|uhc core payer|aco tiered|heritage benefit plan|uhc charter|uhc navigate|united healthcare (emp|options ppo|ppo|heritage select adv|nexus aco)( adult| pediatric)?|uhc heritage select|uhc heritage river valley|ucd hb uhc (non hmo|select & select plus|hmo assigned))$,regex,global,,50,commercial,,,,,,,,medium,source_verified,accepted,initial_seed,2026-05-28,true,uhc_networks,https://myallsavers.com/MyAllSavers/Home/FindDoc,UHC Options PPO Core Charter Navigate Heritage Nexus ACO EMP and UC Davis UHC network cues map to UnitedHealthcare commercial. Confidence medium.
pcr_uhc_community_plan_tn,unitedhealthcare,uhc,community plan,plan_contains,state,TN,10,medicaid_managed_care,tenncare,,unitedhealthcare_community_plan,,,TN,,medium,source_verified,accepted,initial_seed,2026-05-28,true,uhc_tenncare_manual,https://ams-prod.uhcprovider.com/content/dam/provider/docs/public/admin-guides/comm-plan/TN-TennCare-Care-Provider-Administrative-Manual.pdf,Community Plan text under UHC in Tennessee maps to UnitedHealthcare Community Plan of Tennessee unless a stronger Medicare SNP cue applies. Confidence high.
pcr_uhc_community_tn,unitedhealthcare,uhc,uhc community,plan_contains,state,TN,10,medicaid_managed_care,tenncare,,unitedhealthcare_community_plan,,,TN,,medium,source_verified,accepted,initial_seed,2026-05-28,true,uhc_tenncare_manual,https://ams-prod.uhcprovider.com/content/dam/provider/docs/public/admin-guides/comm-plan/TN-TennCare-Care-Provider-Administrative-Manual.pdf,UHC Community plan text in Tennessee maps to the TennCare Medicaid bucket unless a stronger Medicare SNP cue applies. Confidence high.
pcr_uhc_dsnp,unitedhealthcare,uhc,dsnp,token_contains,global,,5,medicare_advantage,dsnp,,,,,,,medium,source_verified,accepted,initial_seed,2026-05-28,true,uhc_community_state,https://www.uhccommunityandstate.com/faq,D-SNP plan text under UHC maps to UnitedHealthcare Medicare Advantage because Community and State identifies SNP services for dual eligible members. Confidence high.
pcr_uhc_dual_complete,unitedhealthcare,uhc,dual complete,plan_contains,global,,5,medicare_advantage,dsnp,,,,,,,medium,source_verified,accepted,initial_seed,2026-05-28,true,aarp_medicare_uhc,https://www.aarpmedicareplans.com/,UnitedHealthcare Dual Complete is a Medicare Advantage D-SNP cue. Confidence high.
pcr_uhc_exchange,unitedhealthcare,uhc,exchange,plan_contains,global,,50,exchange_marketplace,,,,,,,,medium,source_verified,accepted,initial_seed,2026-05-28,true,uhc_exchange,https://www.uhcprovider.com/en/health-plans-by-state/exchange-plans.html,Exchange plan text under UHC maps to UnitedHealthcare Individual Exchange. Confidence high.
pcr_uhc_individual_ex,unitedhealthcare,uhc,individual ex,plan_contains,global,,50,exchange_marketplace,,,,,,,,medium,source_verified,accepted,initial_seed,2026-05-28,true,uhc_exchange,https://www.uhcprovider.com/en/health-plans-by-state/exchange-plans.html,Individual Ex plan text under UHC maps to UnitedHealthcare Individual Exchange. Confidence medium.
pcr_uhc_kentucky_medicaid,unitedhealthcare,uhc,uhccp kentucky medicaid,plan_contains,global,,50,medicaid_managed_care,medicaid_mco,,unitedhealthcare_community_plan,,,KY,,medium,source_verified,accepted,initial_seed,2026-05-28,true,uhc_community_state,https://www.uhccommunityandstate.com/who-we-serve,UHCCP Kentucky Medicaid plan text maps to UnitedHealthcare Community Plan of Kentucky. Confidence medium.
pcr_uhc_mcr,unitedhealthcare,uhc,mcr,token_contains,global,,50,medicare_advantage,medicare_advantage,,,,,,,medium,inferred_from_pattern,accepted,initial_seed,2026-05-28,true,aarp_medicare_uhc,https://www.aarpmedicareplans.com/,MCR is a weak Medicare signal and maps to UnitedHealthcare Medicare Advantage only under UHC payer context. Confidence medium.
pcr_uhc_medicare,unitedhealthcare,uhc,medicare,plan_contains,global,,50,medicare_advantage,medicare_advantage,,,,,,,medium,source_verified,accepted,initial_seed,2026-05-28,true,aarp_medicare_uhc,https://www.aarpmedicareplans.com/,Medicare plan text under UHC maps to UnitedHealthcare Medicare Advantage. Confidence high.
pcr_uhc_snp,unitedhealthcare,uhc,snp,token_contains,global,,5,medicare_advantage,dsnp,,,,,,,medium,source_verified,accepted,initial_seed,2026-05-28,true,uhc_community_state,https://www.uhccommunityandstate.com/faq,SNP plan text under UHC maps to UnitedHealthcare Medicare Advantage. Confidence medium.
pcr_uhc_tenncare,unitedhealthcare,uhc,tenncare,plan_contains,state,TN,10,medicaid_managed_care,tenncare,,unitedhealthcare_community_plan,,,TN,,medium,source_verified,accepted,initial_seed,2026-05-28,true,uhc_tenncare_manual,https://ams-prod.uhcprovider.com/content/dam/provider/docs/public/admin-guides/comm-plan/TN-TennCare-Care-Provider-Administrative-Manual.pdf,TennCare plan text under UHC maps to UnitedHealthcare Community Plan of Tennessee. Confidence high.
pcr_uhc_wisconsin_commercial,unitedhealthcare,"united healthcare of wisconsin, inc.",united healthcare hmo/ppo/pos/epo networks,exact_clean,global,,50,commercial,,,,,,,,medium,source_verified,accepted,initial_seed,2026-05-28,true,uhc_home,https://www.uhc.com/,UnitedHealthcare HMO PPO POS EPO network text under the Wisconsin legal entity maps to commercial network context. Confidence high.
pcr_uhc_wisconsin_medicaid,unitedhealthcare,"united healthcare of wisconsin, inc.",medicaid,plan_contains,global,,50,medicaid_managed_care,medicaid_mco,,unitedhealthcare_community_plan,,,WI,,medium,source_verified,accepted,initial_seed,2026-05-28,true,uhc_community_state,https://www.uhccommunityandstate.com/who-we-serve,UnitedHealthcare of Wisconsin Medicaid plan text maps to UnitedHealthcare Community Plan of Wisconsin. Confidence high.
pcr_uhc_wisconsin_medicare,unitedhealthcare,"united healthcare of wisconsin, inc.",medicare advantage,plan_contains,global,,50,medicare_advantage,medicare_advantage,,,,,,,medium,source_verified,accepted,initial_seed,2026-05-28,true,cms_uhc_wisconsin,https://www.cms.gov/newsroom/press-releases/managed-care-plan-expands-include-medicare-beneficiaries-3-wisconsin-counties,UnitedHealthcare of Wisconsin Medicare Advantage plan text maps to UnitedHealthcare Medicare Advantage. Confidence high.
pcr_uhc_wisconsin_va_ccn,unitedhealthcare,"united healthcare of wisconsin, inc.",va community care network,exact_clean,global,,50,tricare_va,va_ccn,,optum,,,,,medium,source_verified,accepted,initial_seed,2026-05-28,true,va_ccn_providers,https://www.va.gov/COMMUNITYCARE/providers/Community-Care-Network.asp,VA Community Care Network plan text maps to Optum VA Community Care Network. Confidence high.
pcr_united_dbp,unitedhealthcare,united,united dbp,exact_clean,global,,50,commercial,,dental_benefit_providers,,dental,,,,medium,source_verified,accepted,initial_seed,2026-05-28,true,uhc_dental_faq,https://www.dbp.com/dental/dental-faq.html,United DBP plan text maps to UnitedHealthcare Dental Benefit Providers. Confidence high.
pcr_united_healthcare_commercial_networks,unitedhealthcare,united healthcare,^(uhc heritage select|uhc heritage river valley|ucd hb uhc (non hmo|select & select plus|hmo assigned))$,regex,global,,50,commercial,,,,,,,,medium,source_verified,accepted,initial_seed,2026-05-28,true,uhc_networks,https://myallsavers.com/MyAllSavers/Home/FindDoc,UHC Heritage and UC Davis UHC network cues under United Healthcare map to commercial network context. Confidence medium.
pcr_united_healthcare_community_plan_tn,unitedhealthcare,united healthcare,community plan,plan_contains,state,TN,10,medicaid_managed_care,tenncare,,unitedhealthcare_community_plan,,,TN,,medium,source_verified,accepted,initial_seed,2026-05-28,true,uhc_tenncare_manual,https://ams-prod.uhcprovider.com/content/dam/provider/docs/public/admin-guides/comm-plan/TN-TennCare-Care-Provider-Administrative-Manual.pdf,Community Plan text under United Healthcare in Tennessee maps to UnitedHealthcare Community Plan of Tennessee unless a stronger Medicare SNP cue applies. Confidence high.
pcr_united_healthcare_dsnp,unitedhealthcare,united healthcare,dsnp,token_contains,global,,5,medicare_advantage,dsnp,,,,,,,medium,source_verified,accepted,initial_seed,2026-05-28,true,uhc_community_state,https://www.uhccommunityandstate.com/faq,D-SNP plan text under United Healthcare maps to UnitedHealthcare Medicare Advantage. Confidence high.
pcr_united_healthcare_med_adv,unitedhealthcare,united healthcare,med adv,plan_contains,global,,50,medicare_advantage,medicare_advantage,,,,,,,medium,source_verified,accepted,initial_seed,2026-05-28,true,aarp_medicare_uhc,https://www.aarpmedicareplans.com/,Med Adv plan text under United Healthcare maps to UnitedHealthcare Medicare Advantage. Confidence high.
pcr_united_healthcare_medicare,unitedhealthcare,united healthcare,medicare,plan_contains,global,,50,medicare_advantage,medicare_advantage,,,,,,,medium,source_verified,accepted,initial_seed,2026-05-28,true,aarp_medicare_uhc,https://www.aarpmedicareplans.com/,Medicare plan text under United Healthcare maps to UnitedHealthcare Medicare Advantage. Confidence high.
pcr_united_healthcare_tenncare,unitedhealthcare,united healthcare,tenncare,plan_contains,state,TN,10,medicaid_managed_care,tenncare,,unitedhealthcare_community_plan,,,TN,,medium,source_verified,accepted,initial_seed,2026-05-28,true,uhc_tenncare_manual,https://ams-prod.uhcprovider.com/content/dam/provider/docs/public/admin-guides/comm-plan/TN-TennCare-Care-Provider-Administrative-Manual.pdf,TennCare plan text under United Healthcare maps to UnitedHealthcare Community Plan of Tennessee. Confidence high.
pcr_united_healthcare_va_medicaid,unitedhealthcare,united healthcare,medicaid virginia,plan_contains,global,,50,medicaid_managed_care,medicaid_mco,,unitedhealthcare_community_plan,,,VA,,medium,source_verified,accepted,initial_seed,2026-05-28,true,uhc_community_state,https://www.uhccommunityandstate.com/who-we-serve,UnitedHealthcare Medicaid Virginia plan text maps to UnitedHealthcare Community Plan of Virginia. Confidence medium.
pcr_united_mcr_mgmcr,unitedhealthcare,united,mgmcr,exact_clean,global,,50,medicare_advantage,medicare_advantage,,,,,,,medium,inferred_from_pattern,accepted,initial_seed,2026-05-28,true,aarp_medicare_uhc,https://www.aarpmedicareplans.com/,MGMCR under observed United payer context is treated as a Medicare managed-care cue. Confidence medium.
pcr_united_optionsppo,unitedhealthcare,united,optionsppo,exact_clean,global,,50,commercial,,,,,,,,medium,source_verified,accepted,initial_seed,2026-05-28,true,uhc_networks,https://myallsavers.com/MyAllSavers/Home/FindDoc,OptionsPPO under United payer context maps to UnitedHealthcare commercial network context. Confidence medium.
pcr_unitedhealthcare_optum_ccn,unitedhealthcare,unitedhealthcare,optum community care network government,exact_clean,state,GA,10,tricare_va,va_ccn,,optum,,,,,medium,source_verified,accepted,initial_seed,2026-05-28,true,va_ccn_providers,https://www.va.gov/COMMUNITYCARE/providers/Community-Care-Network.asp,Optum Community Care Network Government plan text maps to Optum VA Community Care Network. Confidence medium.
pcr_unitedhealthcare_shbp_medicare,unitedhealthcare,unitedhealthcare,state health benefit plan medicare managed care plan,exact_clean,state,GA,10,medicare_advantage,medicare_advantage,,,,,,,medium,source_verified,accepted,initial_seed,2026-05-28,true,uhc_medicare,https://www.uhc.com/medicare,Georgia SHBP Medicare managed care plan text under UnitedHealthcare maps to UnitedHealthcare Medicare Advantage. Confidence medium.
pcr_alias_alignment_health_plan,alignment_health_plan,alignment health plan,alignment health plan,payer_name,global,,60,medicare_advantage,medicare_advantage,alignment_health_plan,,,,,,medium,source_verified,accepted,codex_research,2026-05-29,true,alignment_health_plan,https://www.alignmenthealthplan.com/,Alignment Health Plan payer value maps to Medicare Advantage context. Confidence high.
pcr_alias_cigna_bh,cigna,cigna bh,cigna bh,payer_name,global,,60,commercial,,,cigna_behavioral_health,behavioral_health,,,,medium,source_verified,accepted,codex_research,2026-05-29,true,cigna_behavioral_health,https://www.cigna.com/health-care-providers/credentialing/join-behavioral-health-network,Cigna BH payer value maps to Cigna behavioral health commercial benefit-line context based on observed COMMBH plan text. Confidence high.
pcr_alias_kaiser_senior_advantage,kaiser_permanente,kaiser senior advantage,kaiser senior advantage,payer_name,global,,60,medicare_advantage,medicare_advantage,kaiser_senior_advantage,,,,,,medium,source_verified,accepted,codex_research,2026-05-29,true,kaiser_wa_health_plans,https://wa.kaiserpermanente.org/html/public/health-plans/,Kaiser Senior Advantage payer value maps to Kaiser Permanente Medicare Advantage context. Confidence high.
pcr_kaiser_wa_medicare,kaiser_permanente,kaiser foundation health plan of washington,medicare advantage,exact_clean,global,,50,medicare_advantage,medicare_advantage,kaiser_medicare_advantage,,,,,,medium,source_verified,accepted,codex_research,2026-05-29,true,kaiser_wa_health_plans,https://wa.kaiserpermanente.org/html/public/health-plans/,Medicare Advantage plan text under Kaiser Foundation Health Plan of Washington maps to Kaiser Permanente Medicare Advantage context. Confidence high.
pcr_alias_nhc,nhc_advantage,nhc,nhc,payer_name,global,,60,medicare_advantage,medicare_advantage,nhc_advantage,,,,,,medium,source_verified,accepted,codex_research,2026-05-29,true,nhc_advantage_soc,https://nhcadvantageplan.com/wp-content/uploads/2021/04/NHC-Advantage-SOC-Updated-May-2024.pdf,NHC payer value with observed Medicare Advantage plan context maps to NHC Advantage Medicare managed care. Confidence high.
pcr_alias_pacific_health_alliance,pacific_health_alliance,pha pacific health alliance,pha pacific health alliance,payer_name,global,,60,commercial,,pacific_health_alliance_network,,,,,,medium,source_verified,accepted,codex_research,2026-05-29,true,pacific_health_alliance,https://www.pacifichealthalliance.com/,PHA Pacific Health Alliance payer value maps to Northern California commercial managed care network context. Confidence high.
pcr_pacificsource_medicare,pacificsource,pacific source,medicare advantage,exact_clean,global,,50,medicare_advantage,medicare_advantage,pacificsource_medicare,,,,,,medium,source_verified,accepted,codex_research,2026-05-29,true,pacificsource_medicare,https://medicare.pacificsource.com/,Medicare Advantage plan text under PacificSource maps to PacificSource Medicare Advantage context. Confidence high.
pcr_alias_sutter_select,sutter_select,sutter select,sutter select,payer_name,global,,60,commercial,,sutterselect_health_plan,,medical,,,,medium,source_verified,accepted,codex_research,2026-05-29,true,sutterselect_umr,https://sutterselect.tpa.com/,Sutter Select payer value maps to SutterSelect commercial employer health plan context with UMR administration noted. Confidence medium.
pcr_alias_triwest_healthcare_alliance,triwest_healthcare_alliance,triwest healthcare alliance,triwest healthcare alliance,payer_name,global,,60,tricare_va,va_ccn,va_community_care_network,triwest,medical,,,,medium,source_verified,accepted,codex_research,2026-05-29,true,va_ccn_providers,https://www.va.gov/COMMUNITYCARE/providers/Community-Care-Network.asp,TriWest Healthcare Alliance payer value maps to VA Community Care Network administrator context. Confidence high.
pcr_wellpoint_community_care,wellpoint,wellpoint,community care,plan_contains,state,TN,10,medicaid_managed_care,tenncare,,,,,TN,,medium,source_verified,accepted,initial_seed,2026-05-28,true,wellpoint_tn_medicaid,https://www.wellpoint.com/tn/medicaid,Wellpoint Community Care plan text maps to Wellpoint Tennessee Medicaid unless Medicare context applies. Confidence high.
pcr_wellpoint_medicare,wellpoint,wellpoint,medicare,plan_contains,global,,50,medicare_advantage,medicare_advantage,,,,,,,medium,source_verified,accepted,initial_seed,2026-05-28,true,elevance_medicare,https://www.elevancehealth.com/newsroom/elevance-healths-affiliated-2025-medicare-advantage-plans,Wellpoint Medicare plan text maps to Wellpoint Medicare Advantage. Confidence high.
pcr_wellpoint_tenncare,wellpoint,wellpoint,tenncare,plan_contains,state,TN,10,medicaid_managed_care,tenncare,,,,,TN,,medium,source_verified,accepted,initial_seed,2026-05-28,true,wellpoint_tn_medicaid,https://www.wellpoint.com/tn/medicaid,Wellpoint TennCare plan text maps to Wellpoint Tennessee Medicaid. Confidence high.
pcr_alias_alexian_tn,ascension_living_alexian_pace,alexian,alexian,payer_name,state,TN,60,other_government,pace,ascension_living_alexian_pace,,,,TN,,medium,source_verified,accepted,codex_research,2026-05-29,true,alexian_pace,https://www.ascensionliving.org/find-a-community/ascension-living-alexian-pace,Tennessee Alexian payer value maps to Ascension Living Alexian PACE program context. Confidence high.
pcr_alias_central_health_plan,central_health_plan,central health plan,central health plan,payer_name,global,,60,medicare_advantage,medicare_advantage,central_health_medicare_plan,,,,,,medium,source_verified,accepted,codex_research,2026-05-29,true,central_health_plan,https://www.centralhealthplan.com/Home,Central Health Plan payer value maps to Central Health Medicare Advantage context. Confidence high.
pcr_alias_clever_care_golden_state,clever_care_health_plan,clever care of golden state,clever care of golden state,payer_name,global,,60,medicare_advantage,medicare_advantage,clever_care_medicare_advantage,,,,,,medium,source_verified,accepted,codex_research,2026-05-29,true,clever_care_ma,https://clevercarehealthplan.com/wp-content/uploads/2020/10/2021_LIS-Summary_EN_web-201012.pdf,Clever Care of Golden State payer value maps to Clever Care Medicare Advantage context. Confidence high.
pcr_alias_corvel,corvel,corvel corporation,corvel corporation,payer_name,global,,60,workers_comp,workers_comp,corvel_workers_comp,,,,,,medium,source_verified,accepted,codex_research,2026-05-29,true,corvel_home,https://www.corvel.com/,CorVel payer value maps to workers compensation claims administration context. Confidence high.
pcr_alias_healthcomp,healthcomp,healthcomp,healthcomp,payer_name,global,,60,commercial,,healthcomp_tpa,,,self_funded,,,medium,source_verified,accepted,codex_research,2026-05-29,true,healthcomp_home,https://healthcomp.com/,HealthComp payer value maps to commercial self-funded employer benefit administration context. Confidence high.
pcr_alias_hpi,health_plans_inc,hpi,hpi,payer_name,global,,60,commercial,,health_plans_inc_tpa,,,self_funded,,,medium,source_verified,accepted,codex_research,2026-05-29,true,hpi_our_story,https://shp.healthplansinc.com/our-story/,HPI payer value maps to commercial self-funded employer third-party administration context. Confidence high.
pcr_alias_lucent,lucent_health,lucent,lucent,payer_name,global,,60,commercial,,lucent_health_tpa,,,self_funded,,,medium,source_verified,accepted,codex_research,2026-05-29,true,lucent_about,https://lucenthealth.com/about/,Lucent payer value maps to Lucent Health self-insured employer benefits administration context. Confidence high.
pcr_managed_health_network_comm,managed_health_network,managed health network,comm,exact_clean,global,,50,commercial,,,managed_health_network,behavioral_health,,,,medium,source_verified,accepted,codex_research,2026-05-29,true,healthnet_mhn,https://www.healthnet.com/content/healthnet/en_us/population-health-management/behavioral-health.html,COMM plan text under Managed Health Network maps to commercial behavioral health context. Confidence medium.
pcr_managed_health_network_mcr,managed_health_network,managed health network,mcr,exact_clean,global,,50,medicare_advantage,medicare_advantage,,managed_health_network,behavioral_health,,,,medium,source_verified,accepted,codex_research,2026-05-29,true,healthnet_mhn,https://www.healthnet.com/content/healthnet/en_us/population-health-management/behavioral-health.html,MCR plan text under Managed Health Network maps to Medicare behavioral health context. Confidence medium.
pcr_alias_medben,medben,medben,medben,payer_name,global,,60,commercial,,medben_tpa,,,self_funded,,,medium,source_verified,accepted,codex_research,2026-05-29,true,medben_home,https://www.medben.com/,MedBen payer value maps to commercial self-funded employer third-party administration context. Confidence high.
pcr_alias_nx_health_network,valenz_access,nx health network,nx health network,payer_name,global,,60,commercial,,valenz_access,,,,,,medium,source_verified,accepted,codex_research,2026-05-29,true,valenz_nx_rebrand,https://www.valenzhealth.com/news/united-claim-solutions-becomes-valenz,NX Health Network payer value maps to Valenz Access commercial network context. Confidence high.
pcr_alias_on_lok_senior_health,on_lok_senior_health,on lok senior health,on lok senior health,payer_name,global,,60,other_government,pace,on_lok_pace,,,,CA,,medium,source_verified,accepted,codex_research,2026-05-29,true,on_lok_pace,https://www.onlok.org/pace/,On Lok Senior Health payer value maps to On Lok PACE program context. Confidence high.
pcr_alias_partner_direct_health,partners_direct_health,partner direct health,partner direct health,payer_name,global,,60,commercial,,partners_direct_health_network,,,self_funded,,,medium,source_verified,accepted,codex_research,2026-05-29,true,pdh_faq,https://partnersdirecthealth.com/faq/,Partner Direct Health payer value maps to direct-contracting commercial employer network context. Confidence high.
pcr_point_comfort_rma,point_comfort_underwriters,point comfort underwriters,refugee medical assistance progr,exact_clean,global,,10,other_government,refugee_medical_assistance,point_comfort_united,,,,,,medium,source_verified,accepted,codex_research,2026-05-29,true,point_comfort_rma,https://rma.pointcomfort.com/files/RMA%20User%20Guide.pdf,Refugee Medical Assistance plan text under Point Comfort maps to Point Comfort-administered RMA context. Confidence high.
pcr_point_comfort_uc,point_comfort_underwriters,point comfort underwriters,unaccompanied children program,exact_clean,global,,10,other_government,orr_unaccompanied_children,point_comfort_united,,,,,,medium,source_verified,accepted,codex_research,2026-05-29,true,point_comfort_provider_manual,https://maps.pointcomfort.com/pdfs/pcu%20provider%20manual%20082919.pdf,Unaccompanied Children Program text under Point Comfort maps to ORR unaccompanied children program administration context. Confidence high.
pcr_alias_scan_health_plan,scan_health_plan,scan health plan,scan health plan,payer_name,global,,60,medicare_advantage,medicare_advantage,scan_medicare_advantage,,,,,,medium,source_verified,accepted,codex_research,2026-05-29,true,scan_medicare,https://www.scanhealthplan.com/,SCAN Health Plan payer value maps to SCAN Medicare Advantage context. Confidence high.
pcr_alias_seven_corners,seven_corners,"seven corners, inc.","seven corners, inc.",payer_name,global,,60,other,,seven_corners_travel_medical,,,,,,medium,source_verified,accepted,codex_research,2026-05-29,true,seven_corners_about,https://www.sevencorners.com/about/corporate/about-us,Seven Corners Inc payer value maps to travel medical insurance and benefit management context. Confidence high.
pcr_alias_healthpartners_network_ga,health_partners_network,healthpartners,healthpartners,payer_name,state,GA,60,commercial,,health_partners_network,,medical,,GA,ppo,medium,source_verified,accepted,codex_research,2026-05-29,true,health_partners_network,https://www.healthpartnersnetwork.com/,Georgia HealthPartners payer value maps to Northeast Georgia Health Partners PPO network context. State scoping avoids unrelated HealthPartners plans. Confidence high.
pcr_sentara_medicare,sentara_health_plans,sentara health,sentara medicare,exact_clean,global,,50,medicare_advantage,medicare_advantage,sentara_medicare,,,,,,medium,source_verified,accepted,codex_research,2026-05-29,true,sentara_health_plans,https://www.sentara.com/aboutus/about-sentara/sentara-health-plans,Sentara Medicare plan text under Sentara Health maps to Sentara Health Plans Medicare context. Confidence high.
pcr_alias_pruitthealth_premier,pruitthealth_premier,pruitthealth premier,pruitthealth premier,payer_name,global,,60,medicare_advantage,medicare_advantage,pruitthealth_premier,,medical,,,,medium,source_verified,accepted,codex_research,2026-05-29,true,pruitthealth_premier,https://pruitthealthpremier.com/,PruittHealth Premier payer value maps to Medicare Advantage context. Specific SNP subtype is not inferred from all products plan text. Confidence high.
pcr_alias_san_joaquin_health_plan_gmc,health_plan_san_joaquin,san joaquin health plan gmc,san joaquin health plan gmc,payer_name,state,CA,60,medicaid_managed_care,medi_cal,health_plan_san_joaquin,,medical,,CA,,medium,source_verified,accepted,codex_research,2026-05-29,true,hpsj_quality,https://www.hpsj-mvhp.org/quality-management-plan/,San Joaquin Health Plan GMC payer value maps to California Medi-Cal managed care context. Confidence high.
pcr_alias_partnership_healthplan_gmc,partnership_healthplan_california,partnership healthplan gmc,partnership healthplan gmc,payer_name,state,CA,60,medicaid_managed_care,medi_cal,partnership_healthplan,,medical,,CA,,medium,source_verified,accepted,codex_research,2026-05-29,true,partnership_healthplan,https://partnershiphp.org/,Partnership HealthPlan GMC payer value maps to California Medi-Cal managed care context. Confidence high.
pcr_alias_partnership_healthplan_ccs,partnership_healthplan_california,partnership healthplan/ccs,partnership healthplan/ccs,payer_name,state,CA,60,medicaid_managed_care,medi_cal,partnership_healthplan,,medical,,CA,,medium,source_verified,accepted,codex_research,2026-05-29,true,partnership_healthplan,https://partnershiphp.org/,Partnership HealthPlan CCS payer value maps to California Medi-Cal managed care context without creating a separate payer identity. Confidence medium.
pcr_alias_mountain_empire_pace,mountain_empire_pace,mountain empire pace,mountain empire pace,payer_name,global,,60,other_government,pace,mountain_empire_pace,,medical,,,,medium,source_verified,accepted,codex_research,2026-05-29,true,mountain_empire_pace,https://meoc.org/pace/,Mountain Empire PACE payer value maps to PACE Medicare Medicaid program context. Confidence high.
pcr_alias_tricare,tricare,tricare,tricare,payer_name,global,,60,tricare_va,tricare,tricare,,medical,,,,medium,source_verified,accepted,codex_research,2026-05-29,true,tricare_101,https://www.tricare.mil/Plans/New,TRICARE payer value maps to the uniformed services health care program. Regional contractor context is not inferred unless separately visible. Confidence high.
pcr_cigna_ppo,cigna,,ppo,exact_clean,global,,60,commercial,,,,,,,ppo,medium,source_verified,accepted,plan_context_expansion,2026-06-09,true,cigna_products,https://www.cigna.com/employers-brokers/health-plans/medical-plans/,Bare PPO plan text under Cigna maps to commercial coverage only within Cigna payer context. Confidence medium.
pcr_cigna_hmo,cigna,,hmo,exact_clean,global,,60,commercial,,,,,,,hmo,medium,source_verified,accepted,plan_context_expansion,2026-06-09,true,cigna_products,https://www.cigna.com/employers-brokers/health-plans/medical-plans/,Bare HMO plan text under Cigna maps to commercial coverage only within Cigna payer context. Confidence medium.
pcr_cigna_pos,cigna,,pos,exact_clean,global,,60,commercial,,,,,,,pos,medium,source_verified,accepted,plan_context_expansion,2026-06-09,true,cigna_products,https://www.cigna.com/employers-brokers/health-plans/medical-plans/,Bare POS plan text under Cigna maps to commercial coverage only within Cigna payer context. Confidence medium.
pcr_cigna_epo,cigna,,epo,exact_clean,global,,60,commercial,,,,,,,epo,medium,source_verified,accepted,plan_context_expansion,2026-06-09,true,cigna_products,https://www.cigna.com/employers-brokers/health-plans/medical-plans/,Bare EPO plan text under Cigna maps to commercial coverage only within Cigna payer context. Confidence medium.
pcr_cigna_oap,cigna,,cigna oap,plan_contains,global,,60,commercial,,cigna_open_access_plus,,,,,,medium,source_verified,accepted,plan_context_expansion,2026-06-09,true,cigna_products,https://www.cigna.com/employers-brokers/health-plans/medical-plans/,Cigna OAP plan text maps to the Cigna Open Access Plus commercial network. Confidence medium.
pcr_cigna_open_access,cigna,,open access,plan_contains,global,,60,commercial,,cigna_open_access_plus,,,,,,medium,source_verified,accepted,plan_context_expansion,2026-06-09,true,cigna_products,https://www.cigna.com/employers-brokers/health-plans/medical-plans/,Open Access plan text under Cigna maps to the Cigna Open Access Plus commercial network. Confidence medium.
pcr_cigna_localplus,cigna,,localplus,plan_contains,global,,60,commercial,,cigna_localplus,,,,,,medium,source_verified,accepted,plan_context_expansion,2026-06-09,true,cigna_products,https://www.cigna.com/employers-brokers/health-plans/medical-plans/,LocalPlus plan text under Cigna maps to the Cigna LocalPlus commercial network. Confidence medium.
pcr_cigna_local_plus,cigna,,local plus,plan_contains,global,,60,commercial,,cigna_localplus,,,,,,medium,source_verified,accepted,plan_context_expansion,2026-06-09,true,cigna_products,https://www.cigna.com/employers-brokers/health-plans/medical-plans/,Local Plus plan text under Cigna maps to the Cigna LocalPlus commercial network. Confidence medium.
pcr_cigna_lifesource,cigna,,lifesource,plan_contains,global,,60,commercial,,cigna_lifesource,,transplant,,,,medium,source_verified,accepted,plan_context_expansion,2026-06-09,true,cigna_lifesource,https://www.cigna.com/health-care-providers/coverage-and-claims/lifesource-transplant-network,Cigna LifeSOURCE is a transplant network and maps to commercial transplant benefit context. Confidence medium.
pcr_cigna_medicare,cigna,,cigna medicare,plan_contains,global,,60,medicare_advantage,medicare_advantage,,,,,,,medium,source_verified,accepted,plan_context_expansion,2026-06-09,true,cigna_medicare,https://www.cigna.com/medicare/,Cigna Medicare plan text maps to Cigna Medicare Advantage context. Confidence medium.
pcr_bcbst_blue_preferred,bcbs_tennessee,,blue preferred,plan_contains,global,,50,commercial,,bcbst_blue_preferred,,,,,,medium,source_verified,accepted,plan_context_expansion,2026-06-09,true,bcbst_networks,https://www.bcbst.com/our-plans/employer-group-plans/our-networks,Blue Preferred plan text under BCBST maps to the commercial Blue Preferred network. Confidence medium.
pcr_bcbst_blue_select,bcbs_tennessee,,blue select,plan_contains,global,,50,commercial,,bcbst_blue_select,,,,,,medium,source_verified,accepted,plan_context_expansion,2026-06-09,true,bcbst_networks,https://www.bcbst.com/our-plans/employer-group-plans/our-networks,Blue Select plan text under BCBST maps to the commercial Blue Select network while priority 10 TennCare rules remain stronger. Confidence medium.
pcr_aetna_hmo,aetna,,hmo,exact_clean,global,,50,commercial,,,,,,,hmo,medium,source_verified,accepted,plan_context_expansion,2026-06-09,true,aetna_facts,https://www.aetna.com/about-us/aetna-facts-and-subsidiaries/aetna-facts.html,Bare HMO plan text under Aetna maps to commercial coverage only within Aetna payer context. Confidence medium.
pcr_aetna_ppo,aetna,,ppo,exact_clean,global,,50,commercial,,,,,,,ppo,medium,source_verified,accepted,plan_context_expansion,2026-06-09,true,aetna_facts,https://www.aetna.com/about-us/aetna-facts-and-subsidiaries/aetna-facts.html,Bare PPO plan text under Aetna maps to commercial coverage only within Aetna payer context. Confidence medium.
pcr_aetna_epo,aetna,,epo,exact_clean,global,,50,commercial,,,,,,,epo,medium,source_verified,accepted,plan_context_expansion,2026-06-09,true,aetna_facts,https://www.aetna.com/about-us/aetna-facts-and-subsidiaries/aetna-facts.html,Bare EPO plan text under Aetna maps to commercial coverage only within Aetna payer context. Confidence medium.
pcr_caresource_marketplace,caresource,,marketplace,plan_contains,global,,50,exchange_marketplace,,,,,,,,high,source_verified,accepted,plan_context_expansion,2026-06-09,true,caresource_marketplace,https://www.caresource.com/plans/marketplace/,Marketplace plan text under CareSource explicitly maps to CareSource exchange marketplace coverage. Confidence high.
